"Versions[vv]","Revision[vv]","phpv","test_date","N","ProfileName_18.x","N.Errors","N.Notices","N.Warnings","N.StrictsStd"
"18.x","Revision: 6e78f2edf08","PHP 7.3.19",2020-06-17,"01","Barter_Market  ","1","0","0","0"
"18.x","Revision: 6e78f2edf08","PHP 7.3.19",2020-06-17,"02","Bug_Tracker_16  ","1","0","10","0"
"18.x","Revision: 6e78f2edf08","PHP 7.3.19",2020-06-17,"03","Collaborative_Community_12x  ","1","19","67","0"
"18.x","Revision: 6e78f2edf08","PHP 7.3.19",2020-06-17,"04","Collaborative_Community_Wiki_menupage  ","0","0","11","0"
"18.x","Revision: 6e78f2edf08","PHP 7.3.19",2020-06-17,"05","Company_Intranet_12x  ","1","2","168","0"
"18.x","Revision: 6e78f2edf08","PHP 7.3.19",2020-06-17,"06","Conditional_Display_in_Forms_14  ","0","4","4","0"
"18.x","Revision: 6e78f2edf08","PHP 7.3.19",2020-06-17,"07","Consensus Forums  ","0","3","10","0"
"18.x","Revision: 6e78f2edf08","PHP 7.3.19",2020-06-17,"08","Countries_By_Region  ","0","0","0","0"
"18.x","Revision: 6e78f2edf08","PHP 7.3.19",2020-06-17,"09","Custom_Contact_Form_12x  ","0","0","6","0"
"18.x","Revision: 6e78f2edf08","PHP 7.3.19",2020-06-17,"10","Debug_Mode_Disabled  ","0","0","0","0"
"18.x","Revision: 6e78f2edf08","PHP 7.3.19",2020-06-17,"11","Debug_Mode_Enabled  ","0","0","0","0"
"18.x","Revision: 6e78f2edf08","PHP 7.3.19",2020-06-17,"12","Dynamic_items_list_demo  ","1","0","3","0"
"18.x","Revision: 6e78f2edf08","PHP 7.3.19",2020-06-17,"13","Easy_GeoBlog  ","1","2","44","0"
"18.x","Revision: 6e78f2edf08","PHP 7.3.19",2020-06-17,"14","Execute on List  ","0","0","32","0"
"18.x","Revision: 6e78f2edf08","PHP 7.3.19",2020-06-17,"15","","0","0","0","0"
"18.x","Revision: 6e78f2edf08","PHP 7.3.19",2020-06-17,"16","Hide Fixed Top Nav Bar on Scroll  ","0","0","13","0"
"18.x","Revision: 6e78f2edf08","PHP 7.3.19",2020-06-17,"17","Mobile  ","0","1","3","0"
"18.x","Revision: 6e78f2edf08","PHP 7.3.19",2020-06-17,"18","Multilingual_Wiki_12x  ","0","0","2","0"
"18.x","Revision: 6e78f2edf08","PHP 7.3.19",2020-06-17,"19","Personal_Blog_and_Profile_12x  ","1","2","0","0"
"18.x","Revision: 6e78f2edf08","PHP 7.3.19",2020-06-17,"20","Post-it_Sticky_Note_15  ","0","0","0","0"
"18.x","Revision: 6e78f2edf08","PHP 7.3.19",2020-06-17,"21","R_demo  ","1","0","0","0"
"18.x","Revision: 6e78f2edf08","PHP 7.3.19",2020-06-17,"22","R_HeatMaps  ","0","0","24","0"
"18.x","Revision: 6e78f2edf08","PHP 7.3.19",2020-06-17,"23","Random_header_images_14  ","0","0","1","0"
"18.x","Revision: 6e78f2edf08","PHP 7.3.19",2020-06-17,"24","Revision Approval (ISO9001)  ","0","0","0","0"
"18.x","Revision: 6e78f2edf08","PHP 7.3.19",2020-06-17,"25","Shopping_Cart  ","1","0","11","0"
"18.x","Revision: 6e78f2edf08","PHP 7.3.19",2020-06-17,"26","Slideshow_demo  ","0","0","14","0"
"18.x","Revision: 6e78f2edf08","PHP 7.3.19",2020-06-17,"27","Small_Organization_Web_Presence_12x  ","0","12","15","0"
"18.x","Revision: 6e78f2edf08","PHP 7.3.19",2020-06-17,"28","Sortable Tables  ","0","0","52","0"
"18.x","Revision: 6e78f2edf08","PHP 7.3.19",2020-06-17,"29","Structured Master Documents  ","0","0","8","0"
"18.x","Revision: 6e78f2edf08","PHP 7.3.19",2020-06-17,"30","Time_Sheet  ","0","0","3","0"
"18.x","Revision: 6e78f2edf08","PHP 7.3.19",2020-06-17,"31","Together_15  ","0","0","2","0"
"18.x","Revision: 6e78f2edf08","PHP 7.3.19",2020-06-17,"32","Tracker_as_Calendar_12  ","1","0","11","0"
"18.x","Revision: 6e78f2edf08","PHP 7.3.19",2020-06-17,"33","User_Trackers  ","0","1","0","0"
"18.x","Revision: 6e78f2edf08","PHP 7.3.19",2020-06-17,"34","Voting_System  ","1","0","7","0"
